Workbook

Sheet 功能点测算表
A1: 序号 | B1: 一级功能 | C1: 二级功能 | D1: 三级功能 | E1: 功能动作 | F1: 功能说明 | G1: 功能点类型 | H1: 功能点 | I1: 人天 | J1: 按二级功能工时 | K1: 复用度 | L1: 是否有出处 | M1: PDF 出处位置 | N1: 出处备注
A2: 1 | B2: 首页 | C2: 长者管理 | D2: 长者切换 | E2: 录入／提交 | F2: 在“妈妈／爸爸”之间切换查看照护数据 | G2: EI | H2: 4 | I2: =ROUND(H2*测算依据!$B$6/测算依据!$B$7,0) -> 3 | J2: =SUMIFS($I$2:$I$273,$B$2:$B$273,B2,$C$2:$C$273,C2) -> 9 | K2: 低 | L2: 有出处 | M2: §1.1 长辈与消息 | N2: PDF：在妈妈林淑芬、爸爸王建国之间切换
A3: 2 | B3: 首页 | C3: 长者管理 | D3: 添加长者 | E3: 新增 | F3: 需关注的长者 | G3: EI | H3: 4 | I3: =ROUND(H3*测算依据!$B$6/测算依据!$B$7,0) -> 3 | J3: =SUMIFS($I$2:$I$273,$B$2:$B$273,B3,$C$2:$C$273,C3) -> 9 | K3: 低 | L3: 有出处 | M3: §1.1 长辈与消息 | N3: PDF：并提供添加长辈入口
A4: 3 | B4: 首页 | C4: 长者管理 | D4: 数据同步 | E4: 展示 | F4: 长者端数据最近同步时间 | G4: EQ | H4: 4 | I4: =ROUND(H4*测算依据!$B$6/测算依据!$B$7,0) -> 3 | J4: =SUMIFS($I$2:$I$273,$B$2:$B$273,B4,$C$2:$C$273,C4) -> 9 | K4: 低 | L4: 有出处 | M4: §1.1 长辈与消息 | N4: PDF：显示问候语、长者端数据同步状态
A5: 4 | B5: 首页 | C5: 今日状态 | D5: 健康速览 | E5: 展示 | F5: 血压 | G5: EQ | H5: 4 | I5: =ROUND(H5*测算依据!$B$6/测算依据!$B$7,0) -> 3 | J5: =SUMIFS($I$2:$I$273,$B$2:$B$273,B5,$C$2:$C$273,C5) -> 13 | K5: 低 | L5: 有出处 | M5: §1.2 今日状态与健康指标 | N5: PDF：血压、空腹血糖、昨夜睡眠等关键指标
A6: 5 | B6: 首页 | C6: 今日状态 | D6: 健康速览 | E6: 展示 | F6: 空腹血糖 | G6: EQ | H6: 4 | I6: =ROUND(H6*测算依据!$B$6/测算依据!$B$7,0) -> 3 | J6: =SUMIFS($I$2:$I$273,$B$2:$B$273,B6,$C$2:$C$273,C6) -> 13 | K6: 低 | L6: 部分出处 | M6: §1.2 今日状态与健康指标 | N6: PDF 仅列举血压、空腹血糖、睡眠三项，未点名心率
A7: 6 | B7: 首页 | C7: 今日状态 | D7: 健康速览 | E7: 展示 | F7: 昨夜睡眠 | G7: EQ | H7: 4 | I7: =ROUND(H7*测算依据!$B$6/测算依据!$B$7,0) -> 3 | J7: =SUMIFS($I$2:$I$273,$B$2:$B$273,B7,$C$2:$C$273,C7) -> 13 | K7: 低 | L7: 部分出处 | M7: §1.2 今日状态与健康指标 | N7: PDF 仅提“今日状态摘要”，未列用药完成进度
A8: 7 | B8: 首页 | C8: 今日状态 | D8: 状态判断 | E8: 展示 | F8: “一切安好／需关注”等当日状态 | G8: EO | H8: 5 | I8: =ROUND(H8*测算依据!$B$6/测算依据!$B$7,0) -> 4 | J8: =SUMIFS($I$2:$I$273,$B$2:$B$273,B8,$C$2:$C$273,C8) -> 13 | K8: 低 | L8: 有出处 | M8: §1.2 今日状态与健康指标 | N8: PDF：显示今日状态摘要
A9: 8 | B9: 首页 | C9: 日程提醒 | D9: 家庭日历提醒 | E9: 展示 | F9: 即将到来的家宴、就诊等提醒 | G9: EI | H9: 4 | I9: =ROUND(H9*测算依据!$B$6/测算依据!$B$7,0) -> 3 | J9: =SUMIFS($I$2:$I$273,$B$2:$B$273,B9,$C$2:$C$273,C9) -> 3 | K9: 低 | L9: 有出处 | M9: §1.3 家庭提醒与需关注事项 | N9: PDF：显示家庭日历提醒，包括中秋节家宴、日期和未读数量
A10: 9 | B10: 首页 | C10: 健康关注 | D10: 风险提示 | E10: 展示 | F10: 餐后血糖关注事项 | G10: EQ | H10: 4 | I10: =ROUND(H10*测算依据!$B$6/测算依据!$B$7,0) -> 3 | J10: =SUMIFS($I$2:$I$273,$B$2:$B$273,B10,$C$2:$C$273,C10) -> 21 | K10: 低 | L10: 有出处 | M10: §1.3 家庭提醒与需关注事项 | N10: PDF：显示餐后血糖接近个人上限等健康关注项
A11: 10 | B11: 首页 | C11: 健康关注 | D11: 风险提示 | E11: 展示 | F11: 风险说明 | G11: EQ | H11: 4 | I11: =ROUND(H11*测算依据!$B$6/测算依据!$B$7,0) -> 3 | J11: =SUMIFS($I$2:$I$273,$B$2:$B$273,B11,$C$2:$C$273,C11) -> 21 | K11: 低 | L11: 有出处 | M11: §1.3 家庭提醒与需关注事项 | N11: PDF：…等健康关注项（风险说明）
A12: 11 | B12: 首页 | C12: 健康关注 | D12: 健康详情 | E12: 跳转查看 | F12: 完整健康数据 | G12: EO | H12: 5 | I12: =ROUND(H12*测算依据!$B$6/测算依据!$B$7,0) -> 4 | J12: =SUMIFS($I$2:$I$273,$B$2:$B$273,B12,$C$2:$C$273,C12) -> 21 | K12: 低 | L12: 有出处 | M12: §1.2 今日状态与健康指标 | N12: PDF：点击血压、血糖、睡眠单项进入对应健康详情
A13: 12 | B13: 首页 | C13: 健康关注 | D13: AI 深度解读 | E13: 研判 | F13: 异常指标 | G13: EO | H13: 5 | I13: =ROUND(H13*测算依据!$B$6/测算依据!$B$7,0) -> 4 | J13: =SUMIFS($I$2:$I$273,$B$2:$B$273,B13,$C$2:$C$273,C13) -> 21 | K13: 低 | L13: 有出处 | M13: §1.3 家庭提醒与需关注事项、§3 AI Tab 与 AI 健康顾问 | N13: PDF：并提供 AI 深度解读入口；可继续提问或返回首页
... A273: 220 | B273: 我的 | C273: 设置 | D273: 帮助与反馈 | E273: 获取 | F273: 产品版本信息 | G273: EQ | H273: 4 | I273: =ROUND(H273*测算依据!$B$6/测算依据!$B$7,0) -> 3 | J273: =SUMIFS($I$2:$I$273,$B$2:$B$273,B273,$C$2:$C$273,C273) -> 36 | K273: 低 | L273: 有出处 | M273: §10 设备、地址与设置 | N273: PDF：帮助反馈和应用信息入口
A274: 合计 | H274: =SUM(H2:H273) -> 1191 | I274: =SUM(I2:I273) -> 919 | J274: — | K274: — | L274: — | M274: — | N274: 共 287 条功能点

Sheet 出处核对汇总
A1: 家属端功能点 · PDF 出处核对汇总
A2: 原始资料：《家属端功能清单.pdf》（共 3 页、11 节）；核对对象：家属端.xlsx「功能点测算表」共 287 条功能点
A4: 一级功能 | B4: 功能点数 | C4: 有出处 | D4: 部分出处 | E4: 无出处 | F4: 有出处占比
A5: 首页 | B5: 27 | C5: 17 | D5: 10 | E5: 0 | F5: 63%
A6: 健康 | B6: 78 | C6: 4 | D6: 70 | E6: 4 | F6: 5%
A7: AI 小象 | B7: 39 | C7: 5 | D7: 15 | E7: 19 | F7: 13%
A8: 服务 | B8: 30 | C8: 0 | D8: 30 | E8: 0 | F8: 0%
A9: 乐活商城 | B9: 45 | C9: 0 | D9: 0 | E9: 45 | F9: 0%
A10: 我的 | B10: 68 | C10: 32 | D10: 27 | E10: 9 | F10: 47%
A11: 合计 | B11: 287 | C11: 58 | D11: 152 | E11: 77 | F11: 20%
A13: 判定口径
A14: 有出处：PDF 文字直接点名该功能点或其核心内容。
A15: 部分出处：PDF 仅写到模块层（如“用药管理：用药记录和用药提醒相关页面”），具体动作/字段未列明，需另行确认。
A16: 无出处：PDF 全文无对应描述，属 Excel 自行扩展的内容，建议补充依据或标注为待确认范围。
A18: 需重点关注的差异
A19: 1. 乐活商城（序号 221–265，共 45 条）在 PDF 中完全没有对应描述，属整块新增内容。
A20: 1b. 服务 Tab（30 条）在 PDF 中仅一句“浏览面向长辈的推荐服务和代办服务入口”，全部为部分出处，无一条被点名。
A21: 2. AI 小象的 AI 面诊、AI 舌诊、报告解读、拍照识别、智伴切换、照护待办、照护节奏（共 17 条）PDF 未提及。
A22: 3. 长护险与补贴、适老改造建议、数据导出、数据共享规则、长者隐私设置（共 13 条）PDF 未提及。
A23: 4. PDF §11 明确：添加/编辑地址、下单、服务预约、告警阈值配置等仅为原型交互，不应视为已连接生产后台；
A24: 通话、语音留言、真实设备数据、医疗服务履约、后台告警能力需以实际集成情况为准。
A25: 5. 已顺带修复原表公式问题：J 列「按二级功能工时」与「测算依据」合计原引用范围仅到 145 行，
A26: 遗漏 146–288 行（服务、乐活商城、我的），现统一扩到 288 行。

Sheet 测算依据
A1: 功能点测算依据
A3: 参数 | B3: 取值／说明
A4: 政策文件 | B4: 《山东省省级政务信息化建设项目支出预算限额标准（试行）》
A5: 计数方法 | B5: 估算功能点法：EI=4，EO=5，EQ=4，ILF=10，ELF=7
A6: 软件开发生产率（人时／功能点） | B6: 6.71
A7: 人天折算（人时／人天） | B7: 8
A8: 复用度 | B8: 低（新建功能默认取值）
A9: 复用度调整因子 | B9: 1
A10: 规模变更因子 | B10: 正式预算汇总阶段按政策及当年基准数据取值
A11: 应用类型调整因子 | B11: 正式预算汇总阶段按政策表 2 及应用类型取值
A12: 人天计算 | B12: 未调整功能点 × 6.71 ÷ 8，按四舍五入取整
A13: 二级功能工时 | B13: 同一一级功能、二级功能下各功能点人天之和
A14: 计数边界说明 | B14: 登录、授权、菜单等标准功能不单独计数；正式申报应根据系统边界和数据功能进一步复核。
A15: 功能点合计 | B15: =SUM(功能点测算表!$H$2:$H$273) -> 1191
A16: 人天合计 | B16: =SUM(功能点测算表!$I$2:$I$273) -> 919
